Treatment,Timepoint,Group,Mean.Infect,Infect.Lower,Infect.Upper
1-clone,t1,1,0.04301892,0.03177186,0.05750778
1-clone,t3,1,0.3117965,0.2502531,0.3829647
1-clone,t5,1,0.1727577,0.1331808,0.2223696
1-clone,t7,1,0.005373809,0.002749338,0.009623381
5-clone,t1,1,0.03730165,0.0254376,0.05306663
5-clone,t3,1,0.1905285,0.1399611,0.2589312
5-clone,t5,1,0.1155899,0.0815092,0.1644673
5-clone,t7,1,0.3063318,0.2354658,0.3942973