Treatment,Timepoint,Group,Mean.Infect,Infect.Lower,Infect.Upper,Mean.Resist,Resist.Lower,Resist.Upper
1-clone,1,1,0.02232811,0.003473491,0.06928541,0.9835721,9.27E-01,0.9974862
1-clone,3,1,0.1693437,0.09930187,0.2594685,0.6871345,0.3151285,0.8817928
1-clone,5,1,0.1971224,0.1210698,0.2918031,0.8405625,0.5288245,0.9471475
1-clone,7,1,0.1485026,0.08348834,0.2346039,1,1.00E+00,1
5-clone,1,1,0.0125,0.000345335,0.06336545,0.9365365,0.84934114,0.9816875
5-clone,3,1,0.1031713,0.01610185,0.19024075,0.7058578,0.3943954,0.8757018
5-clone,5,1,0.1670139,0.03035583,0.30367197,0.8881658,0.6641116,0.9655027
5-clone,7,1,0.228125,0.04577212,0.41047788,0.9043598,0.6969844,0.9722856